"Step","rl_config.agent: baseline_delay - traffic/slice_0_rate","rl_config.agent: baseline_delay - traffic/slice_0_rate__MIN","rl_config.agent: baseline_delay - traffic/slice_0_rate__MAX","rl_config.agent: sac - traffic/slice_0_rate","rl_config.agent: sac - traffic/slice_0_rate__MIN","rl_config.agent: sac - traffic/slice_0_rate__MAX","rl_config.agent: cql - traffic/slice_0_rate","rl_config.agent: cql - traffic/slice_0_rate__MIN","rl_config.agent: cql - traffic/slice_0_rate__MAX","rl_config.agent: baseline - traffic/slice_0_rate","rl_config.agent: baseline - traffic/slice_0_rate__MIN","rl_config.agent: baseline - traffic/slice_0_rate__MAX"
"0","26.923999999999996","11.064","42.767999999999994","27.054399999999998","11.064","42.983999999999995","26.895999999999994","11.064","42.767999999999994","27.407600000000002","11.064","42.99199999999999"
"1","25.775600000000004","11.64","41.400000000000006","25.8408","11.64","41.168000000000006","25.956000000000007","11.64","41.400000000000006","26.098400000000005","10.384","41.39199999999999"
"2","25.917199999999998","10.136","41.288000000000004","26.518","10.136","40.032000000000004","26.3924","10.136","40.14399999999999","26.0748","10.136","41.407999999999994"
"3","25.286800000000003","11.632000000000001","41.736","25.609199999999998","11.632000000000001","41.288","25.907599999999995","11.632000000000001","41.967999999999996","26.4872","11.176","41.512"
"4","27.554399999999998","10.952","45.288","27.284799999999997","10.952","45.064","27.07559999999999","10.952","44.952","27.173600000000004","10.952","44.26399999999999"
"5","25.467599999999997","5.784","41.272","25.91119999999999","11.184000000000001","40.696","25.534","11.184000000000001","39.480000000000004","26.1308","11.512","41.288"
"6","25.409600000000005","1.12","41.624","26.4244","11.52","41.391999999999996","26.1556","11.52","41.391999999999996","26.208000000000006","10.6","42.31999999999999"
"7","25.728799999999996","11.399999999999999","43.56799999999999","26.1484","11.399999999999999","43.336","26.1832","11.399999999999999","43.336","26.3348","10.488","43.336"
"8","27.6144","11.512","43.215999999999994","26.716","11.512","42.416000000000004","26.887199999999996","11.512","42.176","27.0584","12.080000000000002","43.120000000000005"
"9","25.306000000000004","11.168","41.151999999999994","26.030400000000004","11.168","40.704","25.946799999999996","11.168","40.824","26.264400000000002","11.975999999999999","42.544"
"10","28.196800000000003","10.488000000000001","46.215999999999994","26.260399999999997","10.488000000000001","41.72","26.3748","10.488000000000001","41.84","25.6928","9.799999999999999","41.152"
"11","23.6372","0.448","39.12","24.756800000000005","10.592","39.016000000000005","24.602000000000007","10.592","39.016000000000005","25.3364","10.256","39.592"
"12","23.352400000000003","10.712","40.464","26.2856","10.712","40.599999999999994","26.0964","10.712","40.14399999999999","25.669600000000003","9.8","41.056"
"13","28.1644","12.096","42.792","26.2072","11.520000000000001","42.072","26.184800000000003","11.520000000000001","41.72800000000001","26.701999999999998","11.632","42.07200000000001"
"14","26.494","0.448","41.512","26.2988","10.84","40.256","26.1164","10.84","40.135999999999996","26.5708","11.527999999999999","40.93599999999999"
"15","25.611199999999997","0.896","42.440000000000005","26.702400000000004","12.088","42.440000000000005","26.714800000000004","12.088","42.21600000000001","26.9012","10.255999999999998","42.32"
"16","26.778","0.448","43.79200000000001","26.612800000000004","10.248","43.79200000000001","26.846399999999996","10.248","43.792","26.6988","10.6","43.568000000000005"
"17","28.367200000000004","10.824","43.344","26.5084","10.943999999999999","43.800000000000004","26.394800000000004","10.943999999999999","43.224","26.865199999999998","10.144","44.248000000000005"
"18","27.674","10.248","43.448","26.288","9.911999999999999","43.448","26.348400000000005","9.911999999999999","43.559999999999995","26.443599999999996","9.911999999999999","43.664"
"19","25.3316","11.512","43.568","27.052","11.512","42.544000000000004","26.6132","11.512","41.4","27.038400000000003","10.48","43.216"
"20","26.5756","10.024000000000001","42.55199999999999","25.911199999999997","10.719999999999999","42.199999999999996","25.830399999999997","10.719999999999999","41.751999999999995","26.3276","11.296","44.472"
"21","28.7272","10.256","52.03999999999999","26.560399999999998","9.919999999999998","41.391999999999996","26.518400000000003","9.919999999999998","42.184","26.638399999999997","9.911999999999999","41.968"
"22","25.394","11.399999999999999","42.64800000000001","26.558","9.8","40.48800000000001","26.450799999999997","9.687999999999999","40.83200000000001","27.1248","10.712","43.112"
"23","25.6216","10.488","42.072","26.582399999999996","10.600000000000001","41.504","26.3136","10.600000000000001","41.84799999999999","26.712799999999998","10.384","41.879999999999995"
"24","26.499200000000002","11.408","40.57599999999999","26.1104","11.408","40.248000000000005","26.079600000000006","11.408","40.36","26.1144","10.488","40.24"
"25","24.542000000000005","0.224","52.048","25.197599999999998","9.912","40.144000000000005","25.391599999999997","9.912","40.592000000000006","25.9868","9.680000000000001","42.2"
"26","26.437199999999997","12.312000000000001","42.656000000000006","26.208399999999994","12.312000000000001","41.39199999999999","26.22","12.312000000000001","41.61599999999999","25.778399999999998","10.712","42.08"
"27","28.0764","11.512","51.480000000000004","25.57","11.64","41.4","25.606000000000005","11.64","41.408","26.052000000000003","11.624","41.184"
"28","25.968","4.072","41.959999999999994","27.0596","12.2","42.199999999999996","27.014400000000002","12.2","41.96","26.997200000000003","10.255999999999998","44.151999999999994"
"29","26.3428","11.184000000000001","44.128","27.099200000000007","11.392000000000001","43.784000000000006","27.235599999999998","11.392000000000001","44.239999999999995","27.273199999999996","10.936","42.32000000000001"
"30","25.477999999999998","2.4720000000000004","42.416","26.570800000000002","11.4","42.647999999999996","26.594399999999997","11.4","42.760000000000005","27.098800000000004","10.608","42.992000000000004"
"31","27.158000000000005","12.32","41.87199999999999","26.990400000000005","12.32","41.984","26.966800000000006","12.32","41.984","27.5644","12.191999999999998","42.440000000000005"
"32","26.881600000000002","2.144","41.856","26.27","11.056000000000001","41.391999999999996","26.029999999999994","11.056000000000001","41.728","26.153200000000005","11.52","41.848000000000006"
"33","25.518000000000004","3.728","41.056000000000004","25.6332","10.152","41.52000000000001","25.4436","10.152","39.552","25.905199999999997","9.808","41.624"
"34","26.8676","0.784","49.064","25.691200000000002","11.624","40.368","25.342400000000005","11.624","40.704","26.0528","10.264","41.504"
"35","24.125600000000002","0.56","43.344","26.006400000000003","9.464","41.976","25.8468","9.464","43.224000000000004","25.859199999999998","10.376000000000001","42.440000000000005"
"36","22.722","0.56","42.24","26.359199999999998","11.52","41.848","26.432799999999997","11.52","41.623999999999995","26.038","8.656","41.632"
"37","29.946000000000005","11.736","50.448","26.4156","11.736","43.32","26.262","11.736","43.312000000000005","26.6884","10.024000000000001","43.888"
"38","29.5","11.856","42.760000000000005","26.669199999999996","11.623999999999999","43.224000000000004","26.790399999999995","11.623999999999999","42.888","27.028799999999997","11.28","44.93599999999999"
"39","25.0684","10.600000000000001","40.472","25.4764","10.600000000000001","40.008","25.157200000000007","10.600000000000001","40.472","25.194000000000003","10.944","39.216"
"40","23.052","0.336","43.68000000000001","25.808","11.392","43.56800000000001","26.229200000000002","11.271999999999998","43.68000000000001","25.732400000000005","10.024000000000001","43.68000000000001"
"41","24.479599999999998","0.672","40.824","25.543200000000006","11.399999999999999","40.608000000000004","25.332800000000002","11.399999999999999","40.6","26.0348","11.511999999999999","41.968"
"42","28.1476","11.280000000000001","42.08","25.88880000000001","11.280000000000001","42.55200000000001","25.91640000000001","11.280000000000001","42.448","25.879200000000004","11.392000000000001","41.168"
"43","27.934800000000006","10.368","42.208000000000006","25.832800000000002","10.592","42.656","25.8436","10.48","42.776","25.825200000000002","10.488","41.856"
"44","23.5944","0.784","42.192","26.521200000000004","12.08","41.831999999999994","26.614800000000002","12.192","41.832","26.3376","10.600000000000001","42.656000000000006"
"45","25.9584","12.096","51.696000000000005","26.244400000000002","12.096","41.151999999999994","26.2788","12.096","42.19199999999999","26.571600000000007","11.512","41.264"
"46","26.890400000000007","10.367999999999999","44.624","25.482400000000002","10.719999999999999","40.59200000000001","25.773600000000005","10.719999999999999","40.687999999999995","26.194399999999995","10.488","41.28"
"47","27.7112","10.832","41.976","25.8428","10.608","41.856","25.918799999999997","10.496","41.855999999999995","26.2228","11.52","41.400000000000006"
"48","28.999599999999997","11.744","43.248","26.2776","12.088000000000001","42.2","26.363200000000006","12.088000000000001","42.2","26.985999999999997","9.8","42.312"
"49","24.8716","11.736","41.848","26.3512","11.736","41.504","26.380399999999998","11.736","40.704","26.4132","11.736","42.080000000000005"
"50","23.755199999999995","0.448","50.663999999999994","26.3756","10.488000000000001","41.168000000000006","26.357999999999997","10.248000000000001","41.168000000000006","26.658399999999993","11.288","42.544000000000004"
"51","26.935599999999994","11.52","41.168","25.757599999999996","11.632","40.928000000000004","25.947999999999997","11.632","40.928000000000004","26.2284","10.943999999999999","41.52"
"52","27.3228","11.28","42.208","26.5048","11.056000000000001","42.199999999999996","26.111200000000004","11.056000000000001","41.976000000000006","26.726399999999995","11.175999999999998","44.384"
"53","24.176000000000002","0.672","41.76","24.856799999999996","10.032","40.352","25.052","10.032","40.36","24.538800000000005","10.032","40.944"
"54","24.657199999999996","1.2320000000000004","48.25600000000001","25.460799999999995","10.719999999999999","39.336","25.187599999999996","10.719999999999999","39.34400000000001","25.031200000000002","10.719999999999999","40.12799999999999"
"55","28.835200000000004","11.288","44.263999999999996","26.056799999999992","11.288","40.93599999999999","26.2964","11.288","40.93599999999999","26.5844","10.6","42.192"
"56","28.3632","12.303999999999998","42.52","26.878400000000006","12.303999999999998","42.632000000000005","26.7052","12.424","42.51200000000001","26.933599999999995","10.032","41.616"
"57","25.074799999999996","0.448","46.296","26.883599999999994","10.368","46.304","26.833599999999997","10.256","46.304","27.370800000000003","11.632","46.31200000000001"
"58","24.736399999999996","0.56","40.832","26.329999999999995","11.168","40.711999999999996","26.0588","11.168","40.711999999999996","26.649199999999997","10.256","41.52"
"59","26.537200000000002","11.28","44.82399999999999","26.425600000000003","11.736","45.16","26.6376","11.736","45.16","26.024800000000006","10.144","44.59199999999999"
"60","26.530399999999997","12.655999999999999","43.21600000000001","26.444799999999997","11.968","42.99200000000001","26.5476","11.968","42.99200000000001","26.785200000000003","11.968","42.99200000000001"
"61","29.5476","11.512","50.344","26.638000000000005","11.744","42.656000000000006","26.4772","11.744","42.656000000000006","26.979599999999994","11.168","42.77600000000001"
"62","27.421200000000006","11.296","40.727999999999994","25.8024","11.184000000000001","41.168","25.6792","11.184000000000001","40.936","26.089200000000005","11.648","40.720000000000006"
"63","27.232800000000008","10.6","44.968","25.8324","10.592","43.10400000000001","25.9416","10.592","43.10400000000001","26.2044","10.608","43.20000000000001"
"64","25.3104","10.608","42.768","26.265599999999996","10.608","42.648","26.20799999999999","10.608","42.536","26.2524","10.488","43.456"
"65","23.406399999999998","11.416","42.312","26.228400000000004","11.416","42.432","26.3308","11.416","42.544000000000004","26.2776","11.864","42.768"
"66","26.996000000000002","11.632","41.496","25.770799999999998","11.4","42.072","25.616400000000006","11.4","41.952","25.510799999999996","10.944","40.928"
"67","28.876400000000007","11.176","48.60000000000001","25.907999999999998","11.176","41.51200000000001","26.3248","11.176","42.424","26.439600000000002","11.624","42.192"
"68","24.386400000000002","10.719999999999999","43.00000000000001","25.517599999999998","10.719999999999999","43.224000000000004","25.317200000000003","10.719999999999999","43.232000000000006","25.950399999999995","11.168","42.664"
"69","25.876800000000003","0.672","43.224000000000004","26.6068","11.975999999999999","43.096","26.3784","11.975999999999999","42.416","25.96999999999999","11.52","42.296"
"70","25.347599999999996","10.152","43.904","26.679999999999996","10.04","44.592000000000006","26.398000000000003","10.04","44.136","26.916800000000002","11.52","44.032000000000004"
"71","27.4264","11.864","42.66400000000001","26.247200000000003","11.864","42.66400000000001","26.348399999999998","11.864","42.66400000000001","26.591999999999995","11.751999999999999","42.32000000000001"
"72","23.788800000000002","0.448","45.64000000000001","26.216400000000004","10.488","42.656","25.9752","10.376","42.192","25.8384","10.824","41.608"
"73","25.613999999999997","1.472","43.672","27.3156","12.088","43.456","27.276400000000002","12.088","43.688","27.178400000000003","11.408","43.663999999999994"
"74","26.023200000000003","0.336","41.424","25.848000000000003","9.104000000000001","40.807999999999986","25.8644","9.104000000000001","40.68799999999999","26.592400000000005","10.944","42.2"
"75","27.432","11.856","41.727999999999994","26.3496","11.856","40.696000000000005","26.35","11.856","40.80000000000001","26.011599999999998","10.48","40.696000000000005"
"76","30.218400000000003","12.896","44.376","27.085199999999997","12.664","43.559999999999995","27.0976","12.784","43.68","27.389999999999997","12.088","43.208"
"77","29.164399999999993","11.064","47.584","25.690799999999996","11.064","41.04800000000001","25.802000000000003","11.064","41.04800000000001","26.097199999999997","11.064","42.072"
"78","25.738","10.488","40.93599999999999","25.7332","10.712","40.93599999999999","25.985599999999998","10.712","40.93599999999999","26.1276","10.024000000000003","40.47999999999999"
"79","24.1432","11.623999999999999","42.064","26.879999999999995","11.968","41.26399999999999","26.606399999999997","11.968","41.83999999999999","26.5876","10.024000000000001","41.495999999999995"
"80","26.191600000000005","8.768","46.88799999999999","25.4968","8.768","40.599999999999994","25.43","8.768","40.831999999999994","25.7708","8.768","42.29599999999999"
"81","25.8196","0.784","41.512","25.6524","9.456000000000001","40.943999999999996","25.8452","9.456000000000001","40.728","26.549200000000003","11.168","43.8"
"82","25.968399999999995","9.344","46.104","26.3936","9.696","44.84","26.123200000000004","9.696","45.064","26.451600000000003","10.032","45.632"
"83","26.1804","0.896","45.536","25.151200000000003","9.352","42.992","25.3104","9.352","42.647999999999996","24.945199999999993","9.232","42.184"
"84","25.8348","0.672","41.839999999999996","26.0708","12.544000000000004","41.384","25.953999999999997","12.544000000000004","41.608000000000004","25.627599999999994","11.4","42.080000000000005"
"85","23.8772","11.056","40.712","25.2388","10.84","39.57600000000001","25.0512","10.84","39.456","25.696000000000005","11.056","40.83200000000001"
"86","25.9868","10.728","41.535999999999994","25.0844","10.72","40.92799999999999","25.359199999999998","10.72","41.047999999999995","25.534799999999997","9.24","40.367999999999995"
"87","26.46120000000001","0.784","52.39200000000001","26.878000000000004","12.424","44.376000000000005","26.884800000000006","12.424","44.376000000000005","26.6216","10.591999999999999","43.56"
"88","25.739600000000003","0","43.224000000000004","26.8048","12.552","42.216","27.044400000000003","12.552","43.568","27.00400000000001","11.512","42.784"
"89","25.948799999999995","2.9360000000000004","45.416","27.488","9.008000000000001","44.83200000000001","27.5208","9.008000000000001","44.944","27.856","10.144000000000002","45.168000000000006"
"90","26.916800000000006","11.624","40.839999999999996","26.0272","10.488","40.720000000000006","25.656","10.488","40.720000000000006","26.1604","9.576","42.344"
"91","24.4916","0.448","43.008","25.103200000000005","10.144","41.392","25.1056","10.144","41.74399999999999","25.286","10.144","42.768"
"92","29.375999999999994","12.08","44.512","26.5236","10.823999999999998","40.496","26.356800000000003","10.823999999999998","40.496","26.614400000000007","10.608","42.648"
"93","26.715999999999998","2.696","43.496","25.324399999999997","11.4","42.544","25.461599999999997","11.4","42.544000000000004","25.486","10.488000000000001","43.664"
"94","25.326000000000004","10.592","45.416000000000004","25.690000000000005","10.832","40.584","25.6832","10.832","40.92","25.734400000000004","11.28","40.608"
"95","26.746","0.224","43.928000000000004","25.773199999999996","11.056","42.296","25.8832","11.168","42.071999999999996","26.0608","11.056000000000001","42.647999999999996"
"96","25.0484","10.952","40.928000000000004","25.0392","10.952","40.128","25.1024","10.84","40.03200000000001","25.3416","10.032000000000002","41.040000000000006"
"97","27.8764","11.512","46.784","26.436800000000005","10.824","42.216","26.3196","10.824","42.672000000000004","26.513600000000004","10.256","42.888"
"98","24.986399999999996","0.448","53.42400000000001","25.9156","10.815999999999999","43.584","26.49","10.815999999999999","43.344","26.6416","10.591999999999999","42.536"
"99","26.637199999999996","11.055999999999997","47.232","25.757200000000005","11.168","41.976","26.0084","11.168","42.08800000000001","25.714","10.719999999999999","42.20000000000001"
"100","25.3876","0.112","42.088","25.691200000000002","10.264","40.944","25.474800000000005","10.264","40.824","25.861199999999997","11.064","41.512"
"101","24.682799999999997","3.3840000000000003","47.368","25.311200000000003","11.855999999999998","42.432","26.065200000000004","11.855999999999998","42.432","25.931599999999996","11.28","42.2"
"102","25.819200000000002","10.712","41.28","25.867200000000004","10.712","40.144000000000005","25.6612","10.712","40.504","26.064400000000006","10.488","41.616"
"103","26.902400000000007","1.008","41.728","25.701600000000003","10.48","41.495999999999995","25.666800000000002","10.48","41.495999999999995","25.5316","10.48","41.97599999999999"
"104","27.619199999999996","11.399999999999999","45.08","27.1048","11.168","43.33599999999999","27.2656","11.168","43.44799999999999","27.159599999999994","10.831999999999999","44.23199999999999"
"105","28.282400000000003","11.296","49.647999999999996","26.2768","11.296","43.57600000000001","26.231600000000004","11.296","43.464000000000006","26.730800000000006","9.456000000000001","42.992"
"106","24.685200000000002","11.287999999999998","40.023999999999994","25.8548","11.287999999999998","40.367999999999995","25.9524","11.287999999999998","40.032","26.381200000000007","11.175999999999998","42.208"
"107","26.0092","11.504","40.272","25.448799999999995","10.712000000000002","40.12","25.2652","10.712000000000002","40.264","25.730399999999996","11.632","40.032000000000004"
"108","25.941600000000005","8.664000000000001","40.24000000000001","24.907199999999996","8.664000000000001","39.343999999999994","25.051199999999998","8.664000000000001","39.576","25.2372","8.552000000000001","41.728"
"109","24.8136","11.736","45.16799999999999","26.290799999999997","11.4","41.74400000000001","26.04959999999999","11.4","41.4","26.125999999999998","10.256","41.048"
"110","27.8016","11.512","50.992000000000004","25.6692","11.736","41.736000000000004","25.8584","11.736","42.072","26.4476","10.712000000000002","43.34400000000001"
"111","24.375999999999998","0.336","50.44","25.988400000000002","11.296","40.128","25.8388","11.296","40.135999999999996","25.953599999999994","9.576","41.168000000000006"
"112","22.513599999999997","0.672","41.4","25.1332","10.712000000000002","39.792","25.059200000000004","10.712000000000002","38.784","25.866799999999994","10.024000000000001","40.824"
"113","27.0956","11.512","42.30400000000001","26.494799999999998","11.512","40.824","26.2712","11.512","41.144000000000005","25.891199999999998","10.152000000000001","42.648"
"114","27.144799999999996","9.096","41.39999999999999","25.226","10.831999999999999","41.752","25.495600000000003","10.944","43.00800000000001","25.436400000000003","9.8","41.391999999999996"
"115","26.870800000000003","10.831999999999999","42.216","25.972","10.72","41.96","25.844399999999997","10.831999999999999","41.96000000000001","25.76","10.488000000000001","41.952"
"116","25.014400000000002","10.144","42.431999999999995","25.723200000000002","10.368","41.87199999999999","26.002000000000002","10.368","41.744","26.3428","10.032","43.56"
"117","26.423199999999998","0.448","50.656","26.448399999999992","10.488","41.864","26.244799999999998","10.488","41.752","26.157599999999995","11.28","42.87200000000001"
"118","25.905199999999997","11.975999999999999","47.232","26.649199999999997","11.288","41.632000000000005","26.6988","11.288","41.616","27.2536","11.736","41.05599999999999"
"119","29.1832","11.288","42.791999999999994","26.201200000000007","11.288","40.57600000000001","26.022399999999998","11.288","40.616","26.1072","11.968","41.040000000000006"
"120","27.4464","10.951999999999998","40.92","25.145999999999997","10.952000000000002","40.720000000000006","25.354000000000003","10.952000000000002","40.352","25.3752","10.600000000000001","41.263999999999996"
"121","20.481600000000004","0.896","41.504000000000005","25.8724","11.176000000000002","41.504000000000005","25.763600000000004","11.176000000000002","41.168000000000006","25.85","10.152","41.83200000000001"
"122","22.251999999999995","4.984","40.592000000000006","26.5212","13.112","40.815999999999995","26.7048","13.112","40.815999999999995","26.603199999999998","11.848","41.392"
"123","29.204","10.264","51.832","25.002000000000002","10.264","40.024","24.8928","10.264","40.36","25.422799999999995","11.52","42.088"
"124","30.315999999999995","11.751999999999999","48.48800000000001","25.682800000000004","10.264","40.944","25.706400000000002","10.264","40.135999999999996","26.243600000000004","11.408000000000001","41.848"
"125","27.040000000000003","11.968","42.07999999999999","26.6928","11.751999999999999","42.19999999999999","26.989199999999993","11.751999999999999","42.07999999999999","26.9532","9.8","42.199999999999996"
"126","24.701999999999998","11.056000000000001","42.872","25.812","11.280000000000001","42.52","25.972400000000004","11.280000000000001","42.52","26.0884","11.056000000000001","41.727999999999994"
"127","23.061600000000006","0.448","40.264","24.819200000000006","10.256","39.112","24.6656","10.256","39.672000000000004","25.0368","9.464","40.936"
"128","25.026400000000002","11.056","40.728","25.3536","11.168000000000001","41.168000000000006","25.481200000000005","11.168000000000001","40.839999999999996","24.8004","10.136000000000001","39.688"
"129","26.362000000000002","10.831999999999999","43.464","25.879200000000004","10.831999999999999","43.208000000000006","25.7928","10.831999999999999","43.328","25.9536","10.6","44.016"
"130","27.218799999999998","0.672","48.504","26.614800000000002","10.496000000000002","42.672000000000004","26.481599999999997","10.496000000000002","41.424","26.651600000000002","9.92","42.672"
"131","25.882799999999996","0","43.111999999999995","26.139599999999994","9.92","42.976000000000006","26.001599999999996","9.92","42.968","26.9392","11.968","43.336000000000006"
"132","25.0176","9.352","45.6","26.612000000000002","9.352","45.25600000000001","26.585600000000007","9.352","45.032000000000004","26.842399999999998","9.120000000000001","45.272"
"133","24.035999999999998","0.448","43.232000000000006","26.428799999999995","10.936000000000002","42.32","26.283999999999992","10.936000000000002","42.44800000000001","26.520799999999998","10.144000000000002","43.008"
"134","26.7232","10.824","44.608000000000004","26.8452","10.943999999999999","43.456","26.188","10.943999999999999","43.112","26.445999999999998","10.376","42.30400000000001"
"135","28.821599999999997","0.784","42.56000000000001","26.3568","10.944","42.08","26.444399999999995","10.944","42.312000000000005","26.766399999999997","10.479999999999999","43.336"
"136","26.710800000000006","0","54.31999999999999","26.485200000000003","12.08","42.312000000000005","26.312800000000003","12.192","42.544000000000004","26.316000000000003","10.608","42.86399999999999"
"137","25.911599999999993","12.319999999999999","43.56799999999999","26.455599999999997","12.32","43.22399999999999","26.5636","12.32","43.455999999999996","27.0556","12.088000000000001","45.496"
"138","25.752000000000002","10.72","42.184000000000005","25.421200000000002","10.040000000000001","41.728","25.507199999999997","10.040000000000001","42.072","25.3016","11.504","39.792"
"139","27.5596","11.511999999999999","43.112","25.5348","10.6","43.00000000000001","25.597599999999996","10.6","43.120000000000005","25.461599999999997","10.032","42.984"
"140","26.311600000000006","0.56","41.528","26.756399999999996","11.511999999999999","40.48800000000001","26.6344","11.511999999999999","41.176","26.489200000000004","10.719999999999999","41.392"
"141","27.676799999999997","10.591999999999999","49.97599999999999","25.9872","10.591999999999999","40.264","26.0968","10.591999999999999","40.832","26.219599999999996","11.399999999999999","42.424"
"142","28.0092","11.632","51.34400000000001","25.8824","11.512","40.480000000000004","25.677999999999997","11.512","40.592","26.044400000000003","10.264000000000001","40.367999999999995"
"143","26.29000000000001","0.672","41.967999999999996","26.6792","10.832","42.312000000000005","26.5388","10.832","42.208000000000006","26.5516","12.319999999999999","41.632"
"144","24.8492","10.600000000000001","42.992000000000004","26.687599999999996","10.488","42.65599999999999","26.390000000000004","10.600000000000001","42.53600000000001","26.434799999999996","10.600000000000001","43.104000000000006"
"145","25.9264","0.56","41.216","25.970799999999997","11.744","41.152","26.1984","11.744","41.152","26.4144","11.511999999999999","42.408"
"146","23.775199999999995","0.784","43.456","26.810800000000008","9.8","43.448","26.755600000000005","9.8","43.224","27.0828","11.168000000000001","43.91199999999999"
"147","25.68","0.56","42.19199999999999","25.825999999999993","11.296000000000003","42.53600000000001","26.0716","11.296000000000003","42.528","26.2648","10.6","40.80800000000001"
"148","28.014399999999995","11.4","50.00000000000001","25.205999999999996","10.943999999999999","40.255999999999986","25.163999999999994","10.943999999999999","40.58399999999999","24.805199999999992","10.264","39.568000000000005"
"149","29.27759999999999","3.2880000000000003","41.76","26.010799999999996","11.4","41.168000000000006","25.9584","11.632","40.824","26.356799999999993","10.272000000000002","41.736"
"150","26.4236","11.856","45.65599999999999","25.634800000000002","12.208","40.032","25.488400000000002","12.208","40.488","25.653600000000004","10.264","40.248000000000005"
"151","25.357599999999998","12.544","42.664","26.152000000000005","12.312000000000001","42.20000000000001","25.973200000000002","12.312000000000001","41.400000000000006","26.079999999999995","12.536000000000001","43.456"
"152","21.7608","1.3440000000000003","40.599999999999994","25.316799999999994","11.184000000000001","40.01599999999999","25.430399999999995","11.184000000000001","39.352000000000004","25.868000000000002","10.831999999999999","41.872"
"153","25.739600000000003","3.1680000000000006","45.391999999999996","25.753600000000006","10.832","41.16","25.6656","10.832","41.512","25.154000000000003","10.256","40.56"
"154","29.3468","10.936000000000002","47.599999999999994","25.574800000000003","10.936000000000002","40.367999999999995","25.360400000000006","10.936000000000002","40.48","25.919999999999998","11.280000000000001","40.712"
"155","24.893200000000007","0.896","42.86400000000001","25.2348","9.464","43.903999999999996","25.136000000000003","9.464","43.8","25.896799999999995","10.032000000000002","44.455999999999996"
"156","26.094","10.943999999999999","44.72","26.662799999999997","10.712","44.599999999999994","26.63360000000001","10.712","44.599999999999994","25.735200000000003","8.760000000000002","44.36"
"157","27.326","10.712","40.84799999999999","25.205199999999998","10.712","38.888000000000005","24.9228","10.712","38.544000000000004","25.8988","10.256","40.58400000000001"
"158","26.570000000000004","11.856","43.024","26.013200000000005","12.424000000000001","40.368","25.9384","12.424000000000001","40.256","25.769600000000004","10.384","40.712"
"159","23.908000000000005","11.408000000000001","41.160000000000004","26.023199999999996","10.952","40.936","25.597600000000007","10.952","41.047999999999995","25.899199999999997","11.304","40.712"
"160","26.704400000000003","11.736","48.032000000000004","25.811999999999994","11.52","41.61600000000001","25.822000000000003","11.52","41.392","25.9036","10.032","41.15200000000001"
"161","25.559600000000003","0.448","42.55199999999999","26.230000000000008","10.6","42.88799999999999","26.345200000000006","10.6","42.775999999999996","26.658799999999996","9.799999999999999","42.192"
"162","24.2044","11.056000000000001","39.57599999999999","25.462399999999995","10.376000000000001","39.328","25.1608","10.376000000000001","39.111999999999995","25.372","10.376000000000001","40.704"
"163","26.0944","11.847999999999999","43.087999999999994","26.28079999999999","11.847999999999999","42.864","26.171200000000006","11.847999999999999","42.864","26.1252","9.352","42.072"
"164","23.334000000000003","0.672","40.959999999999994","25.5008","11.975999999999999","39.11200000000001","25.7284","11.975999999999999","39.448","25.615199999999994","11.168","40.711999999999996"
"165","25.5156","2.2560000000000002","41.16","26.1892","12.200000000000001","40.79999999999999","26.2308","12.200000000000001","40.8","26.525599999999997","11.52","42.303999999999995"
"166","31.08360000000001","11.504000000000001","46.775999999999996","26.219600000000003","11.512","41.63999999999999","25.9004","11.512","41.4","26.792400000000004","10.936","41.519999999999996"
"167","28.676800000000007","10.616","46.112","25.725999999999992","10.495999999999999","41.048","25.964400000000005","10.495999999999999","40.696000000000005","25.676800000000004","10.032","40.952"
"168","24.023999999999997","0.784","43.464","26.040399999999998","11.056","44.94399999999999","26.031200000000002","11.056","42.536","26.458","10.024000000000001","45.751999999999995"
"169","23.3692","10.368","41.976","26.321600000000007","10.368","41.976","26.1884","10.368","43.104","26.212399999999995","10.256","41.744"
"170","26.538400000000003","11.504","43.76799999999999","26.6428","11.504","42.29599999999999","26.701600000000006","11.504","43.999999999999986","26.808799999999998","11.728","42.192"
"171","27.8864","10.496","43.224000000000004","26.342800000000004","10.728","44.48000000000001","26.577199999999998","10.728","44.136","26.887199999999996","11.184000000000001","45.160000000000004"
"172","28.014800000000008","0.784","42.112","26.9184","10.719999999999999","41.504000000000005","26.811600000000006","10.719999999999999","41.400000000000006","26.694799999999997","9.816","42.53600000000001"
"173","24.170799999999996","0.224","47.824","26.487199999999994","11.056","44.007999999999996","26.54200000000001","11.056","44.336","26.576000000000004","10.832","43.68"
"174","25.605199999999996","0.448","43.36","26.9152","11.64","42.888","26.6344","11.64","42.895999999999994","26.928799999999995","10.72","42.88"
"175","29.450800000000005","11.511999999999999","46.224000000000004","26.390800000000002","11.511999999999999","41.736000000000004","26.4652","11.511999999999999","42.312","26.626800000000003","10.264","42.984"
"176","26.658400000000007","9.696000000000002","44.480000000000004","26.384800000000002","9.816","44.704","26.3444","9.816","44.12799999999999","26.597199999999997","10.368","44.936"
"177","25.232800000000005","9.336","40.832","24.8872","9.336","39.232","24.5796","9.336","39.903999999999996","24.8524","9.224","39.568"
"178","24.41","0.336","40.024","25.036399999999993","10.376000000000001","39.912000000000006","24.903599999999994","10.376000000000001","39.688","25.368000000000002","11.176","40.480000000000004"
"179","28.537599999999998","11.744000000000002","42.88799999999999","26.631600000000002","11.52","41.48","26.4844","11.52","41.75199999999999","26.540800000000008","10.936","41.943999999999996"
"180","27.7828","11.280000000000001","46.544","25.986400000000003","11.512","42.895999999999994","25.758400000000005","11.512","42.55199999999999","26.6928","9.68","43.12"
"181","23.6152","0.112","42.664","25.954799999999995","10.831999999999999","41.4","25.8476","10.831999999999999","41.983999999999995","25.662","9.688000000000002","41.744"
"182","24.1404","11.512","42.30400000000001","26.584400000000006","11.52","42.30400000000001","26.541999999999994","11.632000000000001","42.080000000000005","27.23","11.064","41.95199999999999"
"183","27.7536","9.92","46.208000000000006","25.774","9.808","45.047999999999995","25.340799999999998","9.808","45.047999999999995","25.984400000000004","10.376000000000001","43.903999999999996"
"184","28.310400000000005","0.448","46.656","25.720800000000008","11.624","40.696000000000005","25.990000000000002","11.624","40.696000000000005","25.928400000000003","9.8","41.623999999999995"
"185","26.84680000000001","10.607999999999999","41.263999999999996","26.096400000000006","11.280000000000001","41.263999999999996","25.8396","11.280000000000001","41.376","26.339199999999998","9.808","42.656000000000006"
"186","24.8996","0.336","46.903999999999996","27.2084","12.08","42.080000000000005","27.340000000000003","12.08","42.296","27.0028","10.152","42.416000000000004"
"187","23.768399999999996","0.784","41.952","26.297199999999997","12.32","41.952","26.18840000000001","12.424","41.952","26.906799999999997","11.744","41.728"
"188","27.6236","10.495999999999999","51.368","25.9808","10.495999999999999","40.38399999999999","25.533199999999994","10.495999999999999","39.440000000000005","25.768400000000003","10.152","43.559999999999995"
"189","27.576000000000004","1.576","42.32799999999999","25.966","10.600000000000001","39.68","25.723600000000005","10.600000000000001","39.92","26.136000000000003","10.831999999999999","43.343999999999994"
"190","28.417600000000004","11.408000000000001","42.08800000000001","25.75879999999999","11.056000000000001","40.512","25.919999999999998","11.056000000000001","40.023999999999994","25.774","10.040000000000001","41.168000000000006"
"191","27.4988","1.3440000000000003","51.815999999999995","27.562799999999992","12.424","42.087999999999994","27.208800000000004","12.424","41.736","27.012","10.248000000000001","43.096000000000004"
"192","24.068400000000004","1.2320000000000002","42.184","26.1492","11.632","42.51199999999999","25.8924","11.632","40.248","26.974","11.623999999999999","42.656000000000006"
"193","24.0944","10.488","41.312000000000005","25.57","10.488","41.280000000000015","25.2288","10.488","39.91200000000001","25.5948","10.496","41.16"
"194","28.1396","10.719999999999999","41.272","25.4352","10.376","41.4","25.6248","10.376","41.03999999999999","25.571199999999997","9.680000000000001","42.63999999999999"
"195","29.0276","11.288","42.072","26.618800000000004","11.512","42.192","26.381600000000002","11.512","42.072","26.082400000000007","10.032","42.192"
"196","25.6364","12.096","42.29600000000001","26.290399999999995","11.064","41.4","26.2152","11.064","41.175999999999995","27.163600000000002","11.984000000000002","42.424"
"197","24.7668","12.784","43.112","27.741200000000003","13.111999999999998","43","27.6396","13.111999999999998","43.464","27.543599999999998","9.911999999999999","42.88"
"198","23.9868","2.6960000000000006","44.480000000000004","26.968000000000007","12.208","44.248","27.2568","12.32","44.136","27.677999999999997","12.191999999999998","43.8"